<preset_list>
   
      

  <preset name="Micron ArriaIIGX_DDR2_Kit(MT8HTF12864HDY-800G1)">
    
<parameter name="mem_if_memtype" value="DDR2 SDRAM" /> 
<parameter name="vendor" value="Micron" /> 
<parameter name="chip_or_dimm" value="Unbuffered DIMM" /> 
<parameter name="mem_fmax" value="400" /> 
<parameter name="mem_if_coladdr_width" value="10" /> 
<parameter name="mem_if_rowaddr_width" value="13" /> 
<parameter name="mem_if_bankaddr_width" value="3" /> 
<parameter name="mem_if_clk_pair_count" value="2" /> 
<parameter name="mem_if_cs_per_dimm" value="1" /> 
<parameter name="mem_if_cs_width" value="1" /> 
<parameter name="mem_if_dq_per_dqs" value="8" /> 
<parameter name="mem_if_dwidth" value="64" /> 
<parameter name="mem_if_pchaddr_bit" value="10" /> 
<parameter name="mem_if_dm_pins_en" value="Yes" /> 
<parameter name="mem_if_tinit_us" value="500" /> 
<parameter name="mem_if_tmrd_ns" value="5" /> 
<parameter name="mem_if_tras_ns" value="40" /> 
<parameter name="mem_if_trcd_ns" value="15" /> 
<parameter name="mem_if_trp_ns" value="15" /> 
<parameter name="mem_if_trefi_us" value="7.8" /> 
<parameter name="mem_if_trfc_ns" value="127.5" /> 
<parameter name="mem_if_twr_ns" value="15" /> 
<parameter name="mem_if_twtr_ck" value="3" /> 
<parameter name="mem_tac_ps" value="400" /> 
<parameter name="mem_tdha_ps" value="125" /> 
<parameter name="mem_tdqsck_ps" value="350" /> 
<parameter name="mem_tdqsq_ps" value="200" /> 
<parameter name="mem_tdqss_ck" value="0.25" /> 
<parameter name="mem_tdsa_ps" value="150" /> 
<parameter name="mem_tdsh_ck" value="0.2" /> 
<parameter name="mem_tdss_ck" value="0.2" /> 
<parameter name="mem_tiha_ps" value="250" /> 
<parameter name="mem_tisa_ps" value="175" /> 
<parameter name="mem_tqhs_ps" value="300" /> 

    <parameter name="mem_tfaw_ns" value="45" />
    <parameter name="mem_trrd_ns" value="10" />
    <parameter name="mem_trtp_ns" value="7.5" />
<parameter name="mem_bl" value="4" /> 
<parameter name="mem_btype" value="Sequential" /> 
<parameter name="mem_dll_en" value="Yes" /> 
<parameter name="mem_drv_str" value="Normal" /> 
<parameter name="mem_odt" value="50" /> 
<parameter name="mem_tcl" value="6.0" /> 
<parameter name="mem_tcl_30_fmax" value="400" /> 
<parameter name="mem_tcl_40_fmax" value="533" /> 
<parameter name="mem_tcl_50_fmax" value="533" /> 
<parameter name="mem_tcl_60_fmax" value="533" /> 

    <parameter name="mem_atcl" value="Disabled" />

   
  </preset>

</preset_list>
